chrom	pos	ref	alt	pvalue	effect
IFNB	0	T	A	1.0	0.932
IFNB	0	T	G	1.0	1.199
IFNB	0	T	C	1.0	1.355
IFNB	1	A	T	1.0	1.089
IFNB	1	A	G	1.0	1.31
IFNB	1	A	C	1.0	1.191
IFNB	2	G	A	1.0	0.81
IFNB	2	G	T	1.0	1.147
IFNB	2	G	C	1.0	1.043
IFNB	3	A	T	1.0	1.11
IFNB	3	A	G	1.0	1.139
IFNB	3	A	C	1.0	0.967
IFNB	4	A	T	1.0	0.971
IFNB	4	A	G	1.0	0.851
IFNB	4	A	C	1.0	1.184
IFNB	5	A	T	1.0	1.268
IFNB	5	A	G	1.0	1.503
IFNB	5	A	C	1.0	1.125
IFNB	6	C	A	1.0	0.932
IFNB	6	C	T	1.0	0.85
IFNB	6	C	G	1.0	1.015
IFNB	7	T	A	1.0	1.078
IFNB	7	T	G	1.0	1.061
IFNB	7	T	C	1.0	1.149
IFNB	8	A	T	1.0	1.042
IFNB	8	A	G	1.0	0.876
IFNB	8	A	C	1.0	1.151
IFNB	9	C	A	1.0	1.265
IFNB	9	C	T	1.0	1.411
IFNB	9	C	G	1.0	1.189
IFNB	10	T	A	1.0	0.856
IFNB	10	T	G	1.0	0.754
IFNB	10	T	C	1.0	0.852
IFNB	11	A	T	1.0	0.994
IFNB	11	A	G	1.0	0.848
IFNB	11	A	C	1.0	0.964
IFNB	12	A	T	1.0	1.11
IFNB	12	A	G	1.0	0.834
IFNB	12	A	C	1.0	0.972
IFNB	13	A	T	1.0	1.054
IFNB	13	A	G	1.0	1.22
IFNB	13	A	C	1.0	0.76
IFNB	14	A	T	1.0	1.107
IFNB	14	A	G	1.0	1.271
IFNB	14	A	C	1.0	1.483
IFNB	15	T	A	1.0	0.867
IFNB	15	T	G	0.0187	1.435
IFNB	15	T	C	1.0	1.31
IFNB	16	G	A	1.0	0.829
IFNB	16	G	T	1.0	1.029
IFNB	16	G	C	1.0	0.808
IFNB	17	T	A	0.0219	1.376
IFNB	17	T	G	1.0	1.077
IFNB	17	T	C	1.0	0.876
IFNB	18	A	T	1.0	0.995
IFNB	18	A	G	1.0	0.754
IFNB	18	A	C	1.0	1.281
IFNB	19	A	T	1.0	1.023
IFNB	19	A	G	1.0	1.289
IFNB	19	A	C	1.0	0.987
IFNB	20	A	T	0.00649	0.604
IFNB	20	A	G	1.0	1.015
IFNB	20	A	C	1.0	0.702
IFNB	21	T	A	1.0	0.665
IFNB	21	T	G	1.0	0.902
IFNB	21	T	C	1.0	0.931
IFNB	22	G	A	1.0	0.87
IFNB	22	G	T	1.0	0.825
IFNB	22	G	C	0.000443	0.568
IFNB	23	A	T	0.0183	0.663
IFNB	23	A	G	0.000362	0.533
IFNB	23	A	C	1.0	0.733
IFNB	24	C	A	1.0	0.746
IFNB	24	C	T	1.0	0.79
IFNB	24	C	G	1.0	0.728
IFNB	25	A	T	0.00347	0.631
IFNB	25	A	G	5.63e-08	3.359
IFNB	25	A	C	1.0	0.823
IFNB	26	T	A	1.0	0.861
IFNB	26	T	G	0.00332	0.596
IFNB	26	T	C	1.0	0.684
IFNB	27	A	T	0.00794	0.62
IFNB	27	A	G	0.000728	0.57
IFNB	27	A	C	0.0158	0.733
IFNB	28	G	A	1.0	1.448
IFNB	28	G	T	1.0	1.05
IFNB	28	G	C	1.0	0.931
IFNB	29	G	A	1.0	0.601
IFNB	29	G	T	1.0	0.779
IFNB	29	G	C	1.0	0.725
IFNB	30	A	T	1.0	0.645
IFNB	30	A	G	3.07e-08	3.531
IFNB	30	A	C	1.0	0.718
IFNB	31	A	T	0.00214	0.601
IFNB	31	A	G	1.0	0.744
IFNB	31	A	C	0.00028	0.438
IFNB	32	A	T	1.0	0.821
IFNB	32	A	G	0.00292	0.506
IFNB	32	A	C	0.00149	0.618
IFNB	33	A	T	1.0	0.793
IFNB	33	A	G	1.0	0.888
IFNB	33	A	C	0.00347	0.544
IFNB	34	C	A	1.0	0.715
IFNB	34	C	T	1.0	0.645
IFNB	34	C	G	1.0	0.857
IFNB	35	T	A	1.0	0.916
IFNB	35	T	G	0.000215	1.815
IFNB	35	T	C	0.000239	1.629
IFNB	36	G	A	0.00347	0.558
IFNB	36	G	T	0.00115	0.432
IFNB	36	G	C	0.0141	0.782
IFNB	37	A	T	0.00102	0.445
IFNB	37	A	G	1.0	0.794
IFNB	37	A	C	0.00135	0.548
IFNB	38	A	T	1.0	0.546
IFNB	38	A	G	1.0	0.707
IFNB	38	A	C	0.0152	0.684
IFNB	39	A	T	4.58e-05	0.415
IFNB	39	A	G	0.00149	0.377
IFNB	39	A	C	0.00156	0.569
IFNB	40	G	A	1.0	0.631
IFNB	40	G	T	1.0	0.724
IFNB	40	G	C	1.0	1.517
IFNB	41	G	A	1.0	0.608
IFNB	41	G	T	1.0	0.976
IFNB	41	G	C	1.0	0.957
IFNB	42	G	A	1.0	0.599
IFNB	42	G	T	0.00195	0.489
IFNB	42	G	C	6.83e-05	0.448
IFNB	43	A	T	0.0176	0.633
IFNB	43	A	G	1.0	0.746
IFNB	43	A	C	0.0017	0.533
IFNB	44	G	A	0.00733	1.523
IFNB	44	G	T	1.0	0.654
IFNB	44	G	C	0.00551	0.61
IFNB	45	A	T	0.00214	0.592
IFNB	45	A	G	0.000401	0.472
IFNB	45	A	C	0.00118	0.484
IFNB	46	A	T	1.0	0.87
IFNB	46	A	G	0.00028	0.488
IFNB	46	A	C	0.00894	0.623
IFNB	47	G	A	1.0	0.782
IFNB	47	G	T	1.0	0.893
IFNB	47	G	C	1.0	1.007
IFNB	48	T	A	1.0	0.813
IFNB	48	T	G	1.0	1.41
IFNB	48	T	C	1.0	1.009
IFNB	49	G	A	1.0	0.737
IFNB	49	G	T	1.0	0.951
IFNB	49	G	C	0.00156	0.51
IFNB	50	A	T	0.00378	0.554
IFNB	50	A	G	0.00966	0.633
IFNB	50	A	C	0.00429	0.576
IFNB	51	A	T	0.000458	0.5
IFNB	51	A	G	0.000973	0.435
IFNB	51	A	C	0.0136	0.489
IFNB	52	A	T	0.00224	0.41
IFNB	52	A	G	1.0	0.576
IFNB	52	A	C	0.0183	0.698
IFNB	53	G	A	1.0	0.86
IFNB	53	G	T	1.0	0.751
IFNB	53	G	C	0.00508	1.409
IFNB	54	T	A	0.0211	0.661
IFNB	54	T	G	1.0	0.789
IFNB	54	T	C	1.0	0.775
IFNB	55	G	A	0.00204	0.465
IFNB	55	G	T	0.0136	0.613
IFNB	55	G	C	0.0117	0.556
IFNB	56	G	A	0.000107	0.362
IFNB	56	G	T	0.00102	0.506
IFNB	56	G	C	0.00733	0.601
IFNB	57	G	A	0.00066	0.501
IFNB	57	G	T	0.000884	0.484
IFNB	57	G	C	0.00142	0.461
IFNB	58	A	T	0.000728	0.617
IFNB	58	A	G	0.0176	1.559
IFNB	58	A	C	0.00332	0.693
IFNB	59	A	T	4.83e-06	0.4
IFNB	59	A	G	0.000973	0.522
IFNB	59	A	C	0.0147	0.514
IFNB	60	A	T	1.0	0.91
IFNB	60	A	G	0.0136	0.696
IFNB	60	A	C	1.03e-05	0.427
IFNB	61	T	A	0.00118	0.532
IFNB	61	T	G	1.0	0.747
IFNB	61	T	C	1.0	0.637
IFNB	62	T	A	1.0	0.606
IFNB	62	T	G	8.55e-05	0.492
IFNB	62	T	C	1.0	0.543
IFNB	63	C	A	0.000215	0.402
IFNB	63	C	T	0.000227	0.521
IFNB	63	C	G	0.00624	0.5
IFNB	64	C	A	0.00704	0.695
IFNB	64	C	T	0.00733	0.618
IFNB	64	C	G	0.000239	0.309
IFNB	65	T	A	0.00704	1.492
IFNB	65	T	G	0.00135	1.92
IFNB	65	T	C	8.09e-05	1.782
IFNB	66	C	A	1.0	1.115
IFNB	66	C	T	1.0	0.856
IFNB	66	C	G	1.0	1.508
IFNB	67	T	A	1.0	0.887
IFNB	67	T	G	1.0	1.097
IFNB	67	T	C	1.0	1.022
IFNB	68	G	A	1.0	0.867
IFNB	68	G	T	1.0	0.958
IFNB	68	G	C	1.0	0.997
IFNB	69	A	T	1.0	1.023
IFNB	69	A	G	1.0	0.927
IFNB	69	A	C	1.0	1.024
IFNB	70	A	T	1.0	1.103
IFNB	70	A	G	1.0	1.266
IFNB	70	A	C	0.00259	1.478
IFNB	71	T	A	1.0	0.739
IFNB	71	T	G	1.0	1.407
IFNB	71	T	C	1.0	0.994
IFNB	72	A	T	1.0	1.23
IFNB	72	A	G	1.0	0.979
IFNB	72	A	C	1.0	0.991
IFNB	73	G	A	1.0	0.957
IFNB	73	G	T	1.0	1.158
IFNB	73	G	C	1.0	1.338
IFNB	74	A	T	1.0	1.306
IFNB	74	A	G	1.0	1.052
IFNB	74	A	C	0.00624	1.585
IFNB	75	G	A	1.0	0.959
IFNB	75	G	T	1.0	1.232
IFNB	75	G	C	1.0	1.172
IFNB	76	A	T	1.0	1.121
IFNB	76	A	G	0.00649	1.428
IFNB	76	A	C	1.0	0.795
IFNB	77	G	A	1.0	1.241
IFNB	77	G	T	1.0	1.083
IFNB	77	G	C	1.0	0.891
IFNB	78	A	T	1.0	0.965
IFNB	78	A	G	1.0	1.206
IFNB	78	A	C	1.0	0.741
IFNB	79	G	A	1.0	1.003
IFNB	79	G	T	1.0	1.118
IFNB	79	G	C	1.0	0.817
IFNB	80	G	A	1.0	0.925
IFNB	80	G	T	1.0	0.971
IFNB	80	G	C	1.0	1.137
IFNB	81	A	T	1.0	0.816
IFNB	81	A	G	0.0164	1.589
IFNB	81	A	C	1.0	1.061
IFNB	82	C	A	1.0	1.401
IFNB	82	C	T	1.0	0.896
IFNB	82	C	G	1.0	0.83
IFNB	83	C	A	1.0	1.057
IFNB	83	C	T	1.0	1.102
IFNB	83	C	G	1.0	1.111
IFNB	84	A	T	1.0	1.112
IFNB	84	A	G	1.0	1.189
IFNB	84	A	C	1.0	1.261
IFNB	85	T	A	1.0	1.179
IFNB	85	T	G	1.0	1.147
IFNB	85	T	C	1.0	0.867
IFNB	86	C	A	1.0	0.827
IFNB	86	C	T	1.0	1.239
IFNB	86	C	G	1.0	1.343
